{"swagger":"2.0","info":{"title":"Bronnoysundregistrene-API","description":"Brønnøysundregistrene er en norsk statlig etat som har ansvaret for forvaltningen av en rekke offentlige registre for Norge, og statlige systemer for digital utveksling av informasjon.","version":"1.0"},"host":"data.brreg.no","basePath":"/","schemes":["https"],"consumes":[],"produces":[],"paths":{"/enhetsregisteret/api/enheter":{"get":{"responses":{"default":{"description":"default","schema":{"type":"object","properties":{"_embedded":{"type":"object","properties":{"enheter":{"type":"array","items":{"type":"object","properties":{"organisasjonsnummer":{"type":"string","description":"organisasjonsnummer"},"navn":{"type":"string","description":"navn"},"organisasjonsform":{"type":"object","properties":{"kode":{"type":"string","description":"kode"},"beskrivelse":{"type":"string","description":"beskrivelse"},"_links":{"type":"object","properties":{"self":{"type":"object","properties":{"href":{"type":"string","description":"href"}},"description":"self"}},"description":"_links"}},"description":"organisasjonsform"},"registreringsdatoEnhetsregisteret":{"type":"string","description":"registreringsdatoEnhetsregisteret"},"registrertIMvaregisteret":{"type":"boolean","description":"registrertIMvaregisteret"},"naeringskode1":{"type":"object","properties":{"beskrivelse":{"type":"string","description":"beskrivelse"},"kode":{"type":"string","description":"kode"}},"description":"naeringskode1"},"antallAnsatte":{"type":"integer","format":"int32","description":"antallAnsatte"},"forretningsadresse":{"type":"object","properties":{"land":{"type":"string","description":"land"},"landkode":{"type":"string","description":"landkode"},"postnummer":{"type":"string","description":"postnummer"},"poststed":{"type":"string","description":"poststed"},"adresse":{"type":"array","items":{"type":"string"},"description":"adresse"},"kommune":{"type":"string","description":"kommune"},"kommunenummer":{"type":"string","description":"kommunenummer"}},"description":"forretningsadresse"},"stiftelsesdato":{"type":"string","description":"stiftelsesdato"},"institusjonellSektorkode":{"type":"object","properties":{"kode":{"type":"string","description":"kode"},"beskrivelse":{"type":"string","description":"beskrivelse"}},"description":"institusjonellSektorkode"},"registrertIForetaksregisteret":{"type":"boolean","description":"registrertIForetaksregisteret"},"registrertIStiftelsesregisteret":{"type":"boolean","description":"registrertIStiftelsesregisteret"},"registrertIFrivillighetsregisteret":{"type":"boolean","description":"registrertIFrivillighetsregisteret"},"sisteInnsendteAarsregnskap":{"type":"string","description":"sisteInnsendteAarsregnskap"},"konkurs":{"type":"boolean","description":"konkurs"},"underAvvikling":{"type":"boolean","description":"underAvvikling"},"underTvangsavviklingEllerTvangsopplosning":{"type":"boolean","description":"underTvangsavviklingEllerTvangsopplosning"},"maalform":{"type":"string","description":"maalform"},"_links":{"type":"object","properties":{"self":{"type":"object","properties":{"href":{"type":"string","description":"href"}},"description":"self"}},"description":"_links"},"hjemmeside":{"type":"string","description":"hjemmeside"}}},"description":"enheter"}},"description":"_embedded"},"_links":{"type":"object","properties":{"first":{"type":"object","properties":{"href":{"type":"string","description":"href"}},"description":"first"},"self":{"type":"object","properties":{"href":{"type":"string","description":"href"}},"description":"self"},"next":{"type":"object","properties":{"href":{"type":"string","description":"href"}},"description":"next"},"last":{"type":"object","properties":{"href":{"type":"string","description":"href"}},"description":"last"}},"description":"_links"},"page":{"type":"object","properties":{"size":{"type":"integer","format":"int32","description":"size"},"totalElements":{"type":"integer","format":"int32","description":"totalElements"},"totalPages":{"type":"integer","format":"int32","description":"totalPages"},"number":{"type":"integer","format":"int32","description":"number"}},"description":"page"}}}}},"summary":"Search in the Brønnøysund Register by company name","description":"Search in the Brønnøysund Register by company name","operationId":"Search","parameters":[{"name":"navn","in":"query","required":false,"type":"string"}]}},"/enhetsregisteret/api/enheter/{orgnr}":{"get":{"responses":{"default":{"description":"default","schema":{"type":"object","properties":{"organisasjonsnummer":{"type":"string","description":"organisasjonsnummer"},"navn":{"type":"string","description":"navn"},"organisasjonsform":{"type":"object","properties":{"kode":{"type":"string","description":"kode"},"beskrivelse":{"type":"string","description":"beskrivelse"},"_links":{"type":"object","properties":{"self":{"type":"object","properties":{"href":{"type":"string","description":"href"}},"description":"self"}},"description":"_links"}},"description":"organisasjonsform"},"registreringsdatoEnhetsregisteret":{"type":"string","description":"registreringsdatoEnhetsregisteret"},"registrertIMvaregisteret":{"type":"boolean","description":"registrertIMvaregisteret"},"naeringskode1":{"type":"object","properties":{"beskrivelse":{"type":"string","description":"beskrivelse"},"kode":{"type":"string","description":"kode"}},"description":"naeringskode1"},"antallAnsatte":{"type":"integer","format":"int32","description":"antallAnsatte"},"forretningsadresse":{"type":"object","properties":{"land":{"type":"string","description":"land"},"landkode":{"type":"string","description":"landkode"},"postnummer":{"type":"string","description":"postnummer"},"poststed":{"type":"string","description":"poststed"},"adresse":{"type":"array","items":{"type":"string"},"description":"adresse"},"kommune":{"type":"string","description":"kommune"},"kommunenummer":{"type":"string","description":"kommunenummer"}},"description":"forretningsadresse"},"stiftelsesdato":{"type":"string","description":"stiftelsesdato"},"institusjonellSektorkode":{"type":"object","properties":{"kode":{"type":"string","description":"kode"},"beskrivelse":{"type":"string","description":"beskrivelse"}},"description":"institusjonellSektorkode"},"registrertIForetaksregisteret":{"type":"boolean","description":"registrertIForetaksregisteret"},"registrertIStiftelsesregisteret":{"type":"boolean","description":"registrertIStiftelsesregisteret"},"registrertIFrivillighetsregisteret":{"type":"boolean","description":"registrertIFrivillighetsregisteret"},"sisteInnsendteAarsregnskap":{"type":"string","description":"sisteInnsendteAarsregnskap"},"konkurs":{"type":"boolean","description":"konkurs"},"underAvvikling":{"type":"boolean","description":"underAvvikling"},"underTvangsavviklingEllerTvangsopplosning":{"type":"boolean","description":"underTvangsavviklingEllerTvangsopplosning"},"maalform":{"type":"string","description":"maalform"},"_links":{"type":"object","properties":{"self":{"type":"object","properties":{"href":{"type":"string","description":"href"}},"description":"self"}},"description":"_links"}}}}},"summary":"Get an organization in the Brønnøysund Register by the organization number","description":"Get an organization in the Brønnøysund Register by the organization number","operationId":"GetOrg","parameters":[{"name":"orgnr","in":"path","required":true,"type":"string"}]}},"/enhetsregisteret/api/enheter/{927470721}":{},"/enhetsregisteret/api/enheter/{orgnr}/roller":{"get":{"responses":{"default":{"description":"default","schema":{"type":"object","properties":{"rollegrupper":{"type":"array","items":{"type":"object","properties":{"type":{"type":"object","properties":{"kode":{"type":"string","description":"kode"},"beskrivelse":{"type":"string","description":"beskrivelse"},"_links":{"type":"object","properties":{"self":{"type":"object","properties":{"href":{"type":"string","description":"href"}},"description":"self"}},"description":"_links"}},"description":"type"},"sistEndret":{"type":"string","description":"sistEndret"},"roller":{"type":"array","items":{"type":"object","properties":{"type":{"type":"object","properties":{"kode":{"type":"string","description":"kode"},"beskrivelse":{"type":"string","description":"beskrivelse"},"_links":{"type":"object","properties":{"self":{"type":"object","properties":{"href":{"type":"string","description":"href"}},"description":"self"}},"description":"_links"}},"description":"type"},"person":{"type":"object","properties":{"fodselsdato":{"type":"string","description":"fodselsdato"},"navn":{"type":"object","properties":{"fornavn":{"type":"string","description":"fornavn"},"etternavn":{"type":"string","description":"etternavn"},"mellomnavn":{"type":"string","description":"mellomnavn"}},"description":"navn"},"erDoed":{"type":"boolean","description":"erDoed"}},"description":"person"},"fratraadt":{"type":"boolean","description":"fratraadt"},"rekkefolge":{"type":"integer","format":"int32","description":"rekkefolge"},"enhet":{"type":"object","properties":{"organisasjonsnummer":{"type":"string","description":"organisasjonsnummer"},"organisasjonsform":{"type":"object","properties":{"kode":{"type":"string","description":"kode"},"beskrivelse":{"type":"string","description":"beskrivelse"},"_links":{"type":"object","properties":{"self":{"type":"object","properties":{"href":{"type":"string","description":"href"}},"description":"self"}},"description":"_links"}},"description":"organisasjonsform"},"navn":{"type":"array","items":{"type":"string"},"description":"navn"},"erSlettet":{"type":"boolean","description":"erSlettet"},"_links":{"type":"object","properties":{"self":{"type":"object","properties":{"href":{"type":"string","description":"href"}},"description":"self"}},"description":"_links"}},"description":"enhet"}}},"description":"roller"}}},"description":"rollegrupper"},"_links":{"type":"object","properties":{"self":{"type":"object","properties":{"href":{"type":"string","description":"href"}},"description":"self"},"enhet":{"type":"object","properties":{"href":{"type":"string","description":"href"}},"description":"enhet"}},"description":"_links"}}}}},"summary":"Retrieve all roles for a company from the Brønnøysund Register from  the organization number","description":"Retrieve all roles for a company from the Brønnøysund Register from  the organization number","operationId":"Roles","parameters":[{"name":"orgnr","in":"path","required":true,"type":"string"}]}},"/enhetsregisteret/api/organisasjonsformer":{"get":{"responses":{"default":{"description":"default","schema":{"type":"object","properties":{"_embedded":{"type":"object","properties":{"organisasjonsformer":{"type":"array","items":{"type":"object","properties":{"kode":{"type":"string","description":"kode"},"beskrivelse":{"type":"string","description":"beskrivelse"},"_links":{"type":"object","properties":{"self":{"type":"object","properties":{"href":{"type":"string","description":"href"}},"description":"self"}},"description":"_links"}}},"description":"organisasjonsformer"}},"description":"_embedded"},"_links":{"type":"object","properties":{"self":{"type":"object","properties":{"href":{"type":"string","description":"href"}},"description":"self"},"enheter":{"type":"object","properties":{"href":{"type":"string","description":"href"}},"description":"enheter"},"underenheter":{"type":"object","properties":{"href":{"type":"string","description":"href"}},"description":"underenheter"}},"description":"_links"}}}}},"summary":"Retrieve all organization types in the Brønnøysund Register","operationId":"OrgTypes","parameters":[],"description":"Retrieve all organization types in the Brønnøysund Register"}},"/enhetsregisteret/api/roller/rolletyper":{"get":{"responses":{"default":{"description":"default","schema":{"type":"object","properties":{"_embedded":{"type":"object","properties":{"rolletyper":{"type":"array","items":{"type":"object","properties":{"kode":{"type":"string","description":"kode"},"beskrivelse":{"type":"string","description":"beskrivelse"},"_links":{"type":"object","properties":{"self":{"type":"object","properties":{"href":{"type":"string","description":"href"}},"description":"self"}},"description":"_links"}}},"description":"rolletyper"}},"description":"_embedded"},"_links":{"type":"object","properties":{"self":{"type":"object","properties":{"href":{"type":"string","description":"href"}},"description":"self"}},"description":"_links"}}}}},"summary":"Retrieve all role types in the Brønnøysund Register","description":"Retrieve all role types in the Brønnøysund Register","operationId":"RoleTypes","parameters":[]}},"/enhetsregisteret/api/kommuner":{"get":{"responses":{"default":{"description":"default","schema":{"type":"object","properties":{"_embedded":{"type":"object","properties":{"kommuner":{"type":"array","items":{"type":"object","properties":{"nummer":{"type":"string","description":"nummer"},"navn":{"type":"string","description":"navn"},"_links":{"type":"object","properties":{"self":{"type":"object","properties":{"href":{"type":"string","description":"href"}},"description":"self"}},"description":"_links"}}},"description":"kommuner"}},"description":"_embedded"},"_links":{"type":"object","properties":{"first":{"type":"object","properties":{"href":{"type":"string","description":"href"}},"description":"first"},"self":{"type":"object","properties":{"href":{"type":"string","description":"href"}},"description":"self"},"next":{"type":"object","properties":{"href":{"type":"string","description":"href"}},"description":"next"},"last":{"type":"object","properties":{"href":{"type":"string","description":"href"}},"description":"last"}},"description":"_links"},"page":{"type":"object","properties":{"size":{"type":"integer","format":"int32","description":"size"},"totalElements":{"type":"integer","format":"int32","description":"totalElements"},"totalPages":{"type":"integer","format":"int32","description":"totalPages"},"number":{"type":"integer","format":"int32","description":"number"}},"description":"page"}}}}},"summary":"Get all municipalities in the Brønnøysund Register","description":"Get all municipalities in the Brønnøysund Register","operationId":"GetMunicipalities","parameters":[]}}},"definitions":{},"parameters":{},"responses":{},"securityDefinitions":{},"security":[],"tags":[]}