<ImportExportXml xmlns:xsi="http://www.w3.org/2001/XMLSchema-instance">
  <Entities></Entities>
  <Roles></Roles>
  <Workflows></Workflows>
  <FieldSecurityProfiles></FieldSecurityProfiles>
  <Templates />
  <EntityMaps />
  <EntityRelationships />
  <OrganizationSettings />
  <optionsets />
  <CustomControls />
  <EntityDataProviders />
  <Connectors>
    <Connector>
      <connectorid>33981585-b141-4caa-96e5-010d704691ac</connectorid>
      <description>Brønnøysundregistrene er en norsk statlig etat som har ansvaret for forvaltningen av en rekke offentlige registre for Norge, og statlige systemer for digital utveksling av informasjon.</description>
      <displayname>Bronnoysundregistrene-API</displayname>
      <iconbrandcolor>#007ee5</iconbrandcolor>
      <name>br_bronnoysundregistrene-2dapi-5f13c02675e2a88803</name>
      <connectortype>1</connectortype>
      <openapidefinition>/Connector/br_bronnoysundregistrene-2dapi-5f13c02675e2a88803_openapidefinition.json</openapidefinition>
      <connectionparameters>/Connector/br_bronnoysundregistrene-2dapi-5f13c02675e2a88803_connectionparameters.json</connectionparameters>
      <policytemplateinstances>/Connector/br_bronnoysundregistrene-2dapi-5f13c02675e2a88803_policytemplateinstances.json</policytemplateinstances>
      <iconblob>/Connector/br_bronnoysundregistrene-2dapi-5f13c02675e2a88803_iconblob.Png</iconblob>
    </Connector>
  </Connectors>
  <Languages>
    <Language>1033</Language>
  </Languages>
</ImportExportXml>